cohort_month,cohort_size
2009-12,955
2010-01,383
2010-02,374
2010-03,443
2010-04,294
2010-05,254
2010-06,270
2010-07,186
2010-08,162
2010-09,243
2010-10,377
2010-11,325
2010-12,76
2011-01,71
2011-02,124
2011-03,179
2011-04,106
2011-05,111
2011-06,108
2011-07,102
2011-08,106
2011-09,189
2011-10,221
2011-11,191
2011-12,28
